工单号,订单号,产品,工序,班次,完工数量,合格数量,报工人,报工日期,备注
WO-30912,MO-2609-01,工业路由器 R-3200,整机组装,早班,120,118,王芳,2026/9/13,加班赶进度
WO-30901,MO-2609-06,充电桩控制板 C-50,老化测试,早班,30,30,李强,2026/9/13,
WO-30871,MO-2609-09,数据采集卡 D-21,功能测试,早班,90,89,张敏,2026/9/13,回流焊已恢复
WO-31002,MO-2609-12,伺服驱动器 S-200,精加工,早班,16,16,赵国庆,2026/9/13,等PCB板，只能先做机加
WO-30950,MO-2609-05,液晶模组 L-156,功能测试,早班,48,48,王芳,2026/9/13,
WO-30933,MO-2609-02,伺服驱动器 S-200,整机组装,早班,40,40,李强,2026/9/13,含追加了50台
WO-30989,MO-2609-11,工业路由器 R-3200,整机组装,早班,60,59,张敏,2026/9/13,
WO-30977,MO-2609-04,智能电表 M-80,部件装配,早班,300,298,赵国庆,2026/9/13,
WO-30960,MO-2609-10,光纤跳线 F-9,包装入库,早班,"1,200","1,200",王芳,2026/9/13,大货包装
